{"imbalances": [0.0, 0.003448275862068966, 0.006896551724137932, 0.010344827586206898, 0.013793103448275864, 0.01724137931034483, 0.020689655172413796, 0.024137931034482762, 0.027586206896551727, 0.031034482758620693, 0.03448275862068966, 0.03793103448275863, 0.04137931034482759, 0.04482758620689656, 0.048275862068965524, 0.05172413793103449, 0.055172413793103454, 0.05862068965517242, 0.062068965517241385, 0.06551724137931035, 0.06896551724137932, 0.07241379310344828, 0.07586206896551725, 0.07931034482758621, 0.08275862068965519, 0.08620689655172414, 0.08965517241379312, 0.09310344827586207, 0.09655172413793105, 0.1], "mean": [388, 388, 400, 370, 364, 355, 367, 352, 351, 351, 337, 347, 340, 340, 345, 342, 341, 339, 335, 334, 335, 330, 334, 330, 333, 331, 333, 331, 329, 331], "min": [336, 336, 332, 332, 332, 332, 332, 332, 332, 332, 328, 328, 328, 328, 328, 328, 328, 328, 328, 328, 328, 328, 328, 328, 328, 328, 328, 328, 328, 328], "max": [433, 441, 600, 425, 412, 409, 409, 383, 409, 409, 368, 400, 368, 368, 465, 400, 368, 365, 373, 373, 397, 332, 397, 332, 397, 365, 389, 365, 332, 365]}